Fecha,Nombre Usuario,Operacion,Valores,Textos
1000816422.090149,pepegamer,Creaci�n de nuevo perfil
1087016422.095149,lukistar,Creaci�n de nuevo perfil
1087816422.095149,lu,Creaci�n de nuevo perfil
1600816402.090140,epicmari,Creaci�n de nuevo perfil
1607816422.095149,pip,Creaci�n de nuevo perfil
1680016022.000109,leyenda123,Creaci�n de nuevo perfil
1680016022.095149,Xx_EPiK_xX,Creaci�n de nuevo perfil
1680016422.095149,leyenda123,Nueva imagen clasificada
1680810422.095149,leyenda123,Nueva imagen clasificada
1680816420.095149,leyenda123,Modificaci�n de imagen previamente clasificada
1680816422.095149,pepegamer,Cambio en la configuraci�n del sistema
1687016020.090149,pepegamer,Nueva imagen clasificada
1687016020.095140,pip,Cambio en la configuraci�n del sistema
1687016020.095149,pip,Nueva imagen clasificada
1687016022.095149,pip,Nueva imagen clasificada
1687016422.095149,Xx_EPiK_xX,Nueva imagen clasificada
1687806402.005149,epicmari,Nueva imagen clasificada
1687806402.090149,epicmari,Modificaci�n de imagen previamente clasificada
1687806402.095149,epicmari,Nueva imagen clasificada
1687806422.095149,epicmari,Nueva imagen clasificada
1687810420.005149,epicmari,Nueva imagen clasificada
1687810420.095140,pepegamer,Nueva imagen clasificada
1687810420.095149,pepegamer,Nueva imagen clasificada
1687810422.095149,lukistar,Generaci�n de meme,meme_1.png,yo en la clase virtual;yo en la clase presencial;
1687816020.090149,lukistar,Generaci�n de meme,meme_10.png,Cuando no estudiaste nada para el multiple choice pero aprobas igual;
1687816020.095149,lu,Generaci�n de meme,meme_6.png,cuando te entregan la nota y tus compa�eros preguntan como te fue;
1687816022.095149,lukistar,Generaci�n de meme,meme_2.png,L = L^.sig;L^.sig = L;
1687816400.095149,lukistar,Generaci�n de meme,meme_9.png,yo yendo a cursar todos los dias;yo haciendo cualquier otra cosa;
1687816402.095149,Xx_EPiK_xX,Generaci�n de meme,meme_3.png,Cuando sacas la promocion;pero no la cursada;
1687816420.095109,pepegamer,Generaci�n de meme,meme_9.png,d;e;
1687816420.095149,pip,Generaci�n de collage,animal_1.png;animal_9.png;animal_6.png;,michis
1687816422.000109,pip,Modificaci�n de perfil
1687816422.000149,leyenda123,Modificaci�n de perfil
1687816422.005149,leyenda123,Generaci�n de collage,meme_6.png;meme_6.png;meme_6.png;,harold fusion
1687816422.090109,pepegamer,Modificaci�n de perfil
1687816422.090149,pepegamer,Generaci�n de collage,meme_2.png;meme_3.png;meme_6.png;meme_9.png;,los mejores memes
1687816422.095000,pepegamer,Generaci�n de collage,animal_2.png;animal_2.png;,mega dogo
1687816422.095009,pepegamer,Generaci�n de collage,animal_1.png;animal_1.png;animal_1.png;,puedes correr pero no esconderte
1687816422.095049,epicmari,Cambio en la configuraci�n del sistema
1687816422.095100,epicmari,Cambio en la configuraci�n del sistema
1687816422.095109,epicmari,Generaci�n de collage,meme_1.png;animal_2.png;animal_2.png;meme_1.png;,reunion canina
1687816422.095140,jojo,Creaci�n de nuevo perfil
1687816422.095149,lucho,Creaci�n de nuevo perfil

